{"cameraMode":{"drawMode":0,"name":"Shaded","section":"Shading Mode"},"sceneLighting":false,"audioPlay":false,"sceneViewState":{"m_AlwaysRefresh":false,"showFog":true,"showSkybox":false,"showFlares":true,"showImageEffects":true,"showParticleSystems":true,"showVisualEffectGraphs":true,"m_FxEnabled":true},"in2DMode":false,"pivot":{"x":-7.450580596923828e-9,"y":1.0203979015350342,"z":2.9802322387695315e-8},"rotation":{"x":-0.21400198340415955,"y":-0.07555264979600907,"z":0.016472654417157174,"w":-0.9738062620162964},"size":0.5147277116775513,"orthographic":false}